John,Hillnob,Age: 52,Oxford,john.hillnob@ninjamail.org
Linda,Mellonson,Age: 95,Leicester,linda.mellonson@ninyahoo.co
Mary,Nipson,Age: 54,Oxford,mary.nipson@ninyahoo.co
Jason,Castlenob,Age: 101,Cambridge,jason.castlenob@ninjamail.org
Diana,Castlebutter,Age: 67,Cambridge,diana.castlebutter@ninjamail.org
Mary,Gradnip,Age: 76,Oxford,mary.gradnip@hotsumo.com
John,Nipwhale,Age: 88,Newcastle,john.nipwhale@ninyahoo.co
John,Hillwhale,Age: 46,Newcastle,john.hillwhale@hotsumo.com
Tim,Nobwhale,Age: 71,Leicester,tim.nobwhale@hotsumo.com
Tim,Whalenob,Age: 22,Newcastle,tim.whalenob@dojobox.net
Anna,Castlemellon,Age: 57,London,anna.castlemellon@ninjamail.org
Diana,Castlecastle,Age: 96,Newcastle,diana.castlecastle@ninjamail.org
Diana,Nobsmith,Age: 57,Leicester,diana.nobsmith@ninyahoo.co
Carol,Whalenob,Age: 30,London,carol.whalenob@ninyahoo.co
Anna,Gradhill,Age: 25,London,anna.gradhill@hotsumo.com
John,Castlebutter,Age: 64,London,john.castlebutter@ninyahoo.co
Mary,Nobmellon,Age: 68,London,mary.nobmellon@ninjamail.org
Carol,Smithgrad,Age: 36,Newcastle,carol.smithgrad@dojobox.net
David,Hillcastle,Age: 24,London,david.hillcastle@ninyahoo.co
Maggie,Smithgrad,Age: 50,Newcastle,maggie.smithgrad@dojobox.net
Anna,Nipsmith,Age: 65,London,anna.nipsmith@ninyahoo.co
Diana,Underbutter,Age: 91,Leicester,diana.underbutter@ninyahoo.co
Maggie,Butterson,Age: 50,Leicester,maggie.butterson@ninjamail.org
Mary,Scotchnob,Age: 96,Leicester,mary.scotchnob@dojobox.net
Tim,Butternip,Age: 79,Oxford,tim.butternip@ninyahoo.co
John,Whalescotch,Age: 69,Oxford,john.whalescotch@hotsumo.com
Diana,Melloncastle,Age: 71,Newcastle,diana.melloncastle@ninyahoo.co
Diana,Scotchcastle,Age: 63,Oxford,diana.scotchcastle@ninyahoo.co
Carol,Smithsmith,Age: 66,Newcastle,carol.smithsmith@ninjamail.org
Mary,Castlenob,Age: 27,Newcastle,mary.castlenob@ninjamail.org
